City_ID,City,Lat,Lng,Max Temp,Humidity,Cloudiness,Wind Speed,Country,Date
0,hilo,19.7297,-155.09,73.4,60,20,4.61,US,1614747392
1,vaini,-21.2,-175.2,78.8,89,75,16.11,TO,1614747165
2,kapaa,22.0752,-159.319,71.6,73,40,24.16,US,1614747392
3,rikitea,-23.1203,-134.9692,78.73,70,34,4.25,PF,1614747347
4,caucaia,-3.7361,-38.6531,82.0,83,20,10.36,BR,1614747393
5,tasiilaq,65.6145,-37.6368,24.8,42,90,24.16,GL,1614747393
6,punta arenas,-53.15,-70.9167,46.4,76,0,8.05,CL,1614747393
7,busselton,-33.65,115.3333,72.0,83,100,3.0,AU,1614747183
8,cape town,-33.9258,18.4232,64.99,94,90,5.75,ZA,1614747393
9,luderitz,-26.6481,15.1594,67.5,66,0,9.48,NA,1614747393
10,obihiro,42.9172,143.2044,24.8,50,20,18.41,JP,1614747394
11,mananjary,-21.2167,48.3333,78.4,72,36,4.74,MG,1614747394
12,bage,-31.3314,-54.1069,71.6,94,75,6.91,BR,1614747394
13,dikson,73.5069,80.5464,-23.24,79,0,8.16,RU,1614747324
14,bethel,41.3712,-73.414,24.8,39,1,6.91,US,1614747394
15,lagoa,39.05,-27.9833,56.35,65,8,28.61,PT,1614747185
16,ixtapa,20.7,-105.2,70.0,88,1,1.92,MX,1614747235
17,vila velha,-20.3297,-40.2925,75.2,94,40,4.07,BR,1614747244
18,vanimo,-2.6741,141.3028,84.99,68,100,16.08,PG,1614747395
19,dovbysh,50.3733,27.9874,28.94,98,8,7.23,UA,1614747395
20,tuatapere,-46.1333,167.6833,64.99,71,61,13.0,NZ,1614747359
21,saint-philippe,-21.3585,55.7679,84.2,51,0,5.75,RE,1614747395
22,albany,42.6001,-73.9662,23.0,57,37,2.04,US,1614747314
23,geraldton,-28.7667,114.6,82.4,61,40,9.22,AU,1614747396
24,krasnoselkup,65.7,82.4667,-7.85,87,100,21.05,RU,1614747396
25,cidreira,-30.1811,-50.2056,75.92,90,100,9.8,BR,1614747160
26,kahului,20.8947,-156.47,71.6,73,40,19.57,US,1614747396
27,presidencia roque saenz pena,-26.7852,-60.4388,79.0,71,80,1.99,AR,1614747397
28,barra,-11.0894,-43.1417,75.06,69,42,8.25,BR,1614747397
29,yellowknife,62.456,-114.3525,-4.0,77,90,10.36,CA,1614747329
30,cabo san lucas,22.8909,-109.9124,66.2,68,75,8.05,MX,1614747160
31,fortuna,40.5982,-124.1573,48.99,90,52,3.27,US,1614747397
32,opuwo,-18.0607,13.84,64.0,72,18,5.88,NA,1614747200
33,cayenne,4.9333,-52.3333,73.4,94,75,10.87,GF,1614747397
34,georgetown,5.4112,100.3354,89.6,62,40,8.05,MY,1614747398
35,kibala,9.1104,18.3463,78.8,22,0,5.14,TD,1614747398
36,hasaki,35.7333,140.8333,52.0,37,20,11.5,JP,1614747192
37,vanavara,60.34,102.2797,-18.83,82,41,4.5,RU,1614747398
38,mataura,-46.1927,168.8643,64.99,71,81,13.0,NZ,1614747173
39,aktanysh,55.7216,54.0829,24.75,98,100,10.02,RU,1614747399
40,sept-iles,50.2001,-66.3821,9.0,61,75,8.05,CA,1614747399
41,kodiak,57.79,-152.4072,32.0,69,40,6.91,US,1614747257
42,pevek,69.7008,170.3133,-26.82,96,1,2.84,RU,1614747399
43,barcelos,41.5388,-8.6151,48.99,93,27,5.75,PT,1614747399
44,hithadhoo,-0.6,73.0833,82.83,69,36,10.85,MV,1614747214
45,clacton-on-sea,51.7897,1.156,39.99,99,0,1.99,GB,1614747399
46,butaritari,3.0707,172.7902,81.48,80,0,16.82,KI,1614747180
47,east london,-33.0153,27.9116,64.4,94,0,3.44,ZA,1614747399
48,taga,46.95,24.05,26.6,93,0,2.3,RO,1614747399
49,clyde river,70.4692,-68.5914,-16.6,83,20,5.75,CA,1614747355
50,qaanaaq,77.484,-69.3632,10.78,57,99,13.91,GL,1614747399
51,saskylakh,71.9167,114.0833,-36.26,80,72,1.28,RU,1614747400
52,kaitangata,-46.2817,169.8464,69.01,70,40,0.76,NZ,1614747400
53,ushuaia,-54.8,-68.3,48.2,61,20,8.05,AR,1614747168
54,avarua,-21.2078,-159.775,78.8,89,75,3.44,CK,1614747400
55,martapura,-3.4167,114.85,86.0,70,40,2.3,ID,1614747400
56,provideniya,64.3833,-173.3,-0.4,71,0,24.61,RU,1614747372
57,salalah,17.0151,54.0924,75.2,73,20,5.75,OM,1614747188
58,kuminskiy,58.6667,66.5667,10.02,93,100,10.22,RU,1614747401
59,valparaiso,-33.0393,-71.6273,61.0,79,4,4.52,CL,1614747401
60,aasiaat,68.7098,-52.8699,12.78,62,100,4.03,GL,1614747401
61,yulara,-25.2406,130.9889,104.0,13,13,6.91,AU,1614747401
62,qasigiannguit,68.8193,-51.1922,28.4,40,100,21.85,GL,1614747401
63,niimi,34.9833,133.4667,53.01,49,20,6.91,JP,1614747402
64,kalevala,65.2,31.1667,21.2,96,37,6.53,RU,1614747402
65,bredasdorp,-34.5322,20.0403,60.8,94,15,2.3,ZA,1614747329
66,ponta do sol,32.6667,-17.1,55.0,64,53,3.0,PT,1614747402
67,puerto ayora,-0.7393,-90.3518,75.99,95,59,1.01,EC,1614747402
68,yar-sale,66.8333,70.8333,6.42,94,100,17.69,RU,1614747402
69,arraial do cabo,-22.9661,-42.0278,76.44,87,99,23.29,BR,1614747348
70,sao filipe,14.8961,-24.4956,69.26,75,53,3.76,CV,1614747212
71,hermanus,-34.4187,19.2345,62.01,91,0,6.35,ZA,1614747402
72,nishihara,26.1842,127.7558,69.8,40,75,17.27,JP,1614747403
73,katsuura,35.1333,140.3,52.0,29,0,15.01,JP,1614747403
74,los llanos de aridane,28.6585,-17.9182,64.4,72,90,6.91,ES,1614747403
75,hobart,-42.8794,147.3294,62.6,45,75,17.27,AU,1614747330
76,sorland,67.667,12.6934,33.64,88,100,31.81,NO,1614747234
77,mar del plata,-38.0023,-57.5575,71.6,94,90,6.91,AR,1614747165
78,tazovskiy,67.4667,78.7,-5.33,91,100,23.13,RU,1614747280
79,thohoyandou,-22.9456,30.485,63.45,93,31,3.94,ZA,1614747403
80,lovozero,68.005,35.0117,13.66,95,76,10.33,RU,1614747403
81,nanortalik,60.1432,-45.2371,28.63,89,29,13.91,GL,1614747250
82,ostrovnoy,68.0531,39.5131,25.23,92,100,9.55,RU,1614747403
83,sterling,39.0062,-77.4286,33.01,69,1,6.38,US,1614747150
84,iqaluit,63.7506,-68.5145,-13.0,70,90,21.85,CA,1614747404
85,thompson,55.7435,-97.8558,-2.2,84,1,5.01,CA,1614747161
86,saldanha,-33.0117,17.9442,64.4,88,0,1.14,ZA,1614747404
87,tuktoyaktuk,69.4541,-133.0374,-18.4,76,75,10.36,CA,1614747404
88,mpika,-11.8343,31.4529,63.18,98,100,7.4,ZM,1614747404
89,tanout,14.9709,8.8879,67.93,22,0,13.11,NE,1614747404
90,okha,53.5739,142.9478,-3.08,80,0,16.33,RU,1614747167
91,inhambane,-23.865,35.3833,75.2,94,40,5.75,MZ,1614747212
92,anchorage,61.2181,-149.9003,12.2,92,1,2.51,US,1614747238
93,iquique,-20.2208,-70.1431,71.6,68,0,6.91,CL,1614747325
94,tommot,58.9564,126.2925,-5.66,85,75,2.57,RU,1614747405
95,tongliao,43.6125,122.2653,45.09,57,63,18.86,CN,1614747405
96,longyearbyen,78.2186,15.6401,5.0,72,0,6.91,SJ,1614747405
97,debre birhan,9.6833,39.5333,52.21,67,1,4.34,ET,1614747406
98,olean,42.0776,-78.4297,27.0,46,1,8.05,US,1614747406
99,san cristobal,7.7669,-72.225,63.79,87,32,1.61,VE,1614747182
100,thinadhoo,0.5333,72.9333,82.8,68,56,10.22,MV,1614747406
101,maniitsoq,65.4167,-52.9,26.83,48,100,9.13,GL,1614747406
102,carutapera,-1.195,-46.02,75.29,91,99,4.97,BR,1614747406
103,beringovskiy,63.05,179.3167,-16.24,80,0,3.51,RU,1614747407
104,cherskiy,68.75,161.3,-25.17,84,87,5.06,RU,1614747407
105,chilliwack,49.1747,-121.9443,41.0,81,99,1.14,CA,1614747134
106,jamestown,42.097,-79.2353,30.99,86,1,12.53,US,1614747322
107,naze,28.3667,129.4833,62.6,59,75,19.57,JP,1614747174
108,port alfred,-33.5906,26.891,66.99,96,25,1.99,ZA,1614747407
109,hambantota,6.1241,81.1185,84.2,70,20,10.36,LK,1614747249
110,darhan,49.4867,105.9228,29.43,90,100,6.4,MN,1614747408
111,lavrentiya,65.5833,-171.0,-17.99,82,10,13.49,RU,1614747172
112,peniche,39.3558,-9.3811,53.01,90,41,5.84,PT,1614747193
113,pokaran,26.9167,71.9167,83.68,12,0,5.46,IN,1614747200
114,bluff,-46.6,168.3333,64.99,71,62,13.0,NZ,1614747157
115,vao,-22.6667,167.4833,78.64,75,91,11.77,NC,1614747218
116,roald,62.5833,6.1333,42.8,87,90,17.27,NO,1614747408
117,mount gambier,-37.8333,140.7667,64.4,52,90,14.97,AU,1614747405
118,dunedin,-45.8742,170.5036,72.0,38,28,15.01,NZ,1614747165
119,klaksvik,62.2266,-6.589,42.8,100,75,6.91,FO,1614747409
120,chokurdakh,70.6333,147.9167,-27.29,85,96,8.01,RU,1614747345
121,esperance,-33.8667,121.9,77.0,50,90,13.8,AU,1614747341
122,vestmannaeyjar,63.4427,-20.2734,43.83,88,100,25.23,IS,1614747181
123,new norfolk,-42.7826,147.0587,61.0,65,99,1.01,AU,1614747319
124,graaff-reinet,-32.2522,24.5308,75.63,40,58,3.29,ZA,1614747409
125,upernavik,72.7868,-56.1549,20.7,83,100,6.6,GL,1614747409
126,lewistown,40.5992,-77.5714,28.4,54,1,5.5,US,1614747409
127,pangnirtung,66.1451,-65.7125,1.31,89,100,5.01,CA,1614747205
128,byron bay,-28.65,153.6167,75.2,64,90,9.22,AU,1614747351
129,giyani,-23.3025,30.7187,66.38,92,15,3.36,ZA,1614747410
130,sayyan,15.1718,44.3244,59.77,38,4,3.18,YE,1614747410
131,la ciotat,43.1748,5.6045,46.99,81,0,4.61,FR,1614747410
132,bouza,14.4229,6.0428,71.89,19,0,13.65,NE,1614747410
133,hays,30.0502,-98.0336,48.99,55,0,4.9,US,1614747410
134,tessalit,20.1986,1.0114,66.24,16,70,8.66,ML,1614747410
135,agua dulce,18.1333,-94.1333,73.45,85,78,19.51,MX,1614747410
136,nikolskoye,59.7035,30.7861,30.0,86,0,11.18,RU,1614747410
137,kalmunai,7.4167,81.8167,82.63,60,16,9.73,LK,1614747169
138,torbay,47.6666,-52.7314,23.0,80,20,13.8,CA,1614747357
139,acatlan,20.15,-98.45,50.02,89,50,2.21,MX,1614747411
140,moreira sales,-24.0622,-53.0069,68.94,92,96,7.61,BR,1614747411
141,ribeira grande,38.5167,-28.7,57.72,64,5,24.74,PT,1614747164
142,soyo,-6.1349,12.3689,79.97,85,100,4.99,AO,1614747411
143,nuuk,64.1835,-51.7216,26.01,53,100,10.0,GL,1614747411
144,meadow lake,34.8014,-106.5436,41.0,20,20,6.91,US,1614747203
145,floirac,44.8324,-0.5141,46.4,87,0,3.44,FR,1614747411
146,castro,-24.7911,-50.0119,62.78,96,99,4.88,BR,1614747159
147,carnarvon,-24.8667,113.6333,78.8,73,53,12.66,AU,1614747412
148,san patricio,28.017,-97.5169,50.0,87,1,5.75,US,1614747205
149,san quintin,30.4833,-115.95,56.84,48,0,0.85,MX,1614747328
150,airai,-8.9266,125.4092,73.04,79,100,3.69,TL,1614747412
151,bambous virieux,-20.3428,57.7575,82.99,74,40,9.22,MU,1614747172
152,san juan,-31.5375,-68.5364,70.83,63,98,12.33,AR,1614747165
153,bar harbor,44.3876,-68.2039,16.0,45,1,16.11,US,1614747413
154,bambanglipuro,-7.95,110.2833,87.49,62,18,7.38,ID,1614747205
155,aden,12.7794,45.0367,77.47,76,0,12.5,YE,1614747185
156,kavaratti,10.5669,72.642,82.85,68,48,7.23,IN,1614747413
157,chingirlau,51.095,54.0814,30.25,95,100,15.61,KZ,1614747413
158,sungai pelek,2.6449,101.717,91.4,46,40,3.44,MY,1614747413
159,mogadishu,2.0371,45.3438,78.8,69,75,9.22,SO,1614747296
160,tiksi,71.6872,128.8694,-28.12,85,100,3.91,RU,1614747336
161,mazyr,52.0495,29.2456,28.58,97,0,7.27,BY,1614747413
162,leningradskiy,69.3833,178.4167,-23.17,84,20,2.44,RU,1614747371
163,khatanga,71.9667,102.5,-32.21,81,0,4.18,RU,1614747226
164,porto velho,-8.7619,-63.9039,73.4,94,75,4.61,BR,1614747210
165,kita,13.0349,-9.4895,72.48,21,0,4.68,ML,1614747414
166,palatka,29.6486,-81.6376,61.0,82,100,2.15,US,1614747273
167,srivardhan,18.0333,73.0167,90.52,21,0,5.1,IN,1614747414
168,yuancheng,36.652,107.7896,48.54,36,0,10.8,CN,1614747414
169,atuona,-9.8,-139.0333,80.13,75,7,11.21,PF,1614747414
170,kargasok,59.0556,80.8572,-0.13,94,98,9.82,RU,1614747258
171,namibe,-15.1961,12.1522,72.03,78,1,1.07,AO,1614747218
172,port macquarie,-31.4333,152.9167,69.01,88,75,9.22,AU,1614747311
173,tambopata,-12.7333,-69.1833,71.33,99,85,1.88,PE,1614747414
174,kalemie,-5.9475,29.1947,70.16,91,100,6.42,CD,1614747415
175,rio grande,-32.035,-52.0986,73.99,94,91,10.09,BR,1614747135
176,faanui,-16.4833,-151.75,82.85,75,100,6.73,PF,1614747415
177,broome,42.2506,-75.833,21.2,53,1,6.91,US,1614747415
178,korampallam,8.7667,78.1,86.0,66,20,6.91,IN,1614747415
179,atar,20.5169,-13.0499,62.47,30,26,9.64,MR,1614747415
180,labuan,5.2767,115.2417,86.0,66,20,4.61,MY,1614747415
181,mahebourg,-20.4081,57.7,82.4,74,40,9.22,MU,1614747328
182,najran,17.4924,44.1277,66.2,37,0,6.91,SA,1614747416
183,port hardy,50.6996,-127.4199,42.8,93,75,3.44,CA,1614747416
184,kysyl-syr,63.8986,122.7617,-23.22,84,94,4.27,RU,1614747416
185,victoria,22.2855,114.1577,68.0,78,23,3.0,HK,1614747350
186,lazo,43.3817,133.9014,29.73,87,69,7.29,RU,1614747416
187,lamu,-2.2717,40.902,79.41,76,81,9.86,KE,1614747417
188,santa cruz,-17.8,-63.1667,78.8,89,40,3.44,BO,1614747389
189,tezu,27.9167,96.1667,85.91,16,1,5.17,IN,1614747417
190,roma,43.2128,-75.4557,19.99,63,90,4.61,US,1614747417
191,tsentoroy,43.0064,46.2231,33.8,93,75,4.47,RU,1614747417
192,pochutla,15.7432,-96.4661,75.99,78,5,2.82,MX,1614747418
193,great yarmouth,52.6083,1.7305,37.4,93,90,4.61,GB,1614747418
194,souillac,-20.5167,57.5167,82.4,74,40,9.22,MU,1614747418
195,ketchikan,55.3422,-131.6461,35.6,100,90,12.66,US,1614747130
196,blind river,46.1834,-82.9582,35.6,69,40,9.22,CA,1614747418
197,isiro,2.7739,27.616,70.59,42,76,0.78,CD,1614747419
198,xinye,32.5186,112.3522,57.0,37,80,8.23,CN,1614747419
199,ahipara,-35.1667,173.1667,68.92,87,100,9.8,NZ,1614747419
200,krutinka,56.0055,71.5113,3.87,93,78,15.59,RU,1614747419
201,poroina mare,44.4953,22.9364,34.86,88,0,4.21,RO,1614747419
202,sitka,57.0531,-135.33,33.8,93,90,9.22,US,1614747420
203,burnie,-41.0667,145.9167,62.01,51,96,14.0,AU,1614747420
204,half moon bay,37.4636,-122.4286,55.4,67,40,4.07,US,1614747420
205,puerto carreno,6.189,-67.4859,78.39,48,66,8.39,CO,1614747420
206,laguna,38.421,-121.4238,55.4,41,1,2.13,US,1614747255
207,goderich,43.7501,-81.7165,32.0,69,51,18.41,CA,1614747420
208,youghal,51.95,-7.8506,39.2,100,75,8.05,IE,1614747421
209,brindisi,40.5833,17.6667,50.0,87,0,13.8,IT,1614747421
210,honiara,-9.4333,159.95,81.45,78,98,4.65,SB,1614747308
211,goianesia,-15.3175,-49.1175,67.64,95,100,3.13,BR,1614747130
212,danilovka,50.3557,44.1168,30.78,97,100,12.77,RU,1614747421
213,maldonado,-34.6667,-54.9167,73.0,94,75,10.36,UY,1614747422
214,pimentel,-6.8367,-79.9342,73.99,83,99,1.99,PE,1614747422
215,gamboula,4.1178,15.1393,66.04,68,100,3.11,CF,1614747422
216,karratha,-20.7377,116.8463,87.55,60,34,11.48,AU,1614747422
217,sao joao del rei,-21.1356,-44.2617,62.42,93,100,3.89,BR,1614747423
218,state college,40.7934,-77.86,28.99,46,1,5.75,US,1614747180
219,tura,25.5198,90.2201,85.55,13,0,4.52,IN,1614747423
220,srednekolymsk,67.45,153.6833,-22.7,85,100,4.45,RU,1614747423
221,asau,46.4333,26.4,34.0,58,2,4.7,RO,1614747262
222,pleszew,51.8964,17.7855,35.26,87,0,3.89,PL,1614747423
223,nantucket,41.2835,-70.0995,26.01,55,0,27.29,US,1614747423
224,constitucion,-35.3333,-72.4167,59.65,93,78,1.32,CL,1614747424
225,port blair,11.6667,92.75,86.0,66,20,10.36,IN,1614747424
226,balaipungut,1.05,101.2833,87.8,55,40,3.58,ID,1614747424
227,north platte,41.1239,-100.7654,42.01,64,1,4.43,US,1614747424
228,diffa,13.3154,12.6113,70.74,23,45,12.33,NE,1614747424
229,turbat,26.0023,63.044,80.91,22,0,1.72,PK,1614747425
230,swellendam,-34.0226,20.4417,60.8,94,9,2.3,ZA,1614747251
231,linhares,-19.3911,-40.0722,72.3,94,62,0.25,BR,1614747425
232,antofagasta,-23.65,-70.4,66.2,88,20,4.61,CL,1614747325
233,bandarbeyla,9.4942,50.8122,79.16,68,39,15.99,SO,1614747237
234,bam,29.106,58.357,68.32,29,0,2.82,IR,1614747425
235,kutum,14.2,24.6667,53.62,20,25,10.22,SD,1614747425
236,salvador,13.8333,-88.9167,75.2,73,0,2.3,SV,1614747426
237,caravelas,-17.7125,-39.2481,74.26,92,18,3.4,BR,1614747173
238,severo-kurilsk,50.6789,156.125,24.62,96,100,33.58,RU,1614747239
239,jawhar,2.7809,45.5005,80.76,67,16,17.11,SO,1614747426
240,miechow,50.3565,20.0279,30.99,93,0,1.14,PL,1614747346
241,kaeo,-35.1,173.7833,66.99,94,100,7.0,NZ,1614747208
242,mbanza-ngungu,-5.25,14.8667,66.27,98,100,1.3,CD,1614747426
243,nivala,63.9167,24.9667,30.0,85,25,1.99,FI,1614747427
244,nicoya,10.1483,-85.452,78.8,61,0,20.71,CR,1614747427
245,vardo,70.3705,31.1107,23.0,80,40,6.91,NO,1614747184
246,fukue,32.6881,128.8419,50.0,57,75,10.36,JP,1614747427
247,barrow,71.2906,-156.7887,-13.0,70,75,11.5,US,1614747157
248,bubaque,11.2833,-15.8333,76.35,68,0,13.02,GW,1614747427
249,port lincoln,-34.7333,135.8667,67.12,60,16,18.01,AU,1614747173
250,maxixe,-23.8597,35.3472,75.2,94,40,5.75,MZ,1614747428
251,belmonte,-15.8631,-38.8828,71.6,94,75,3.44,BR,1614747428
252,las margaritas,16.3167,-91.9833,58.69,87,45,8.1,MX,1614747428
253,jacqueville,5.2052,-4.4146,82.4,94,20,5.75,CI,1614747428
254,huelva,37.6667,-7.0,53.01,76,0,3.0,ES,1614747265
255,pisco,-13.7,-76.2167,77.0,83,90,3.44,PE,1614747351
256,bonavista,48.6499,-53.1147,23.0,93,93,4.61,CA,1614747429
257,xinzhou,38.4092,112.7333,48.34,48,0,4.56,CN,1614747131
258,nzega,-2.479,29.5564,59.52,88,100,2.04,RW,1614747429
259,jiuquan,39.7432,98.5174,46.02,44,0,3.89,CN,1614747429
260,saint george,37.1041,-113.5841,51.01,13,1,6.91,US,1614747158
261,sarkand,45.41,79.9186,31.05,96,100,4.52,KZ,1614747430
262,kourou,5.1552,-52.6478,73.4,94,75,5.32,GF,1614747430
263,kruisfontein,-34.0033,24.7314,66.99,94,85,8.08,ZA,1614747192
264,korla,41.7597,86.1469,42.21,49,72,4.27,CN,1614747203
265,mount isa,-20.7333,139.5,98.6,15,100,14.97,AU,1614747430
266,ilulissat,69.2167,-51.1,28.4,40,100,21.85,GL,1614747207
267,grindavik,63.8424,-22.4338,42.8,87,90,11.5,IS,1614747431
268,jieshi,22.8134,115.8257,71.01,56,61,21.3,CN,1614747431
269,kondinskoye,59.6481,67.41,9.66,95,100,13.82,RU,1614747431
270,oum hadjer,13.2954,19.6966,68.43,13,96,11.07,TD,1614747431
271,jaicos,-7.3592,-41.1378,71.26,91,97,4.23,BR,1614747431
272,mehamn,71.0357,27.8492,24.8,86,40,6.91,NO,1614747431
273,kadipur,26.1667,82.3833,80.78,13,0,6.62,IN,1614747432
274,kosonsoy,41.2561,71.5508,46.4,61,90,4.81,UZ,1614747432
275,tawang,27.5833,91.8667,48.22,50,53,5.73,IN,1614747432
276,harper,4.375,-7.7169,79.09,88,83,6.73,LR,1614747432
277,konya,38.1667,32.5,32.0,74,90,16.11,TR,1614747432
278,rocha,-34.4833,-54.3333,69.6,92,62,7.29,UY,1614747167
279,arlit,18.7369,7.3853,69.04,20,0,7.7,NE,1614747433
280,mwinilunga,-11.7358,24.4293,61.92,97,100,3.51,ZM,1614747433
281,chuy,-33.6971,-53.4616,71.92,92,46,8.99,UY,1614747349
282,husavik,66.0449,-17.3389,30.2,74,90,9.22,IS,1614747253
283,clarence town,-32.5833,151.7833,73.4,64,75,14.97,AU,1614747433
284,marrakesh,31.6315,-8.0083,51.8,82,20,3.44,MA,1614747196
285,aqtobe,50.2797,57.2072,24.8,86,75,29.08,KZ,1614747433
286,nome,64.5011,-165.4064,-0.4,65,75,19.57,US,1614747434
287,gigmoto,13.7796,124.39,79.56,86,28,12.1,PH,1614747434
288,auki,-8.7676,160.7034,78.3,90,100,9.08,SB,1614747434
289,ponta delgada,37.7333,-25.6667,57.2,67,20,28.77,PT,1614747434
290,coihaique,-45.5752,-72.0662,54.05,80,100,1.81,CL,1614747434
291,znamenka,52.4167,41.4311,26.71,91,72,14.92,RU,1614747434
292,pandamatenga,-18.5278,25.627,60.71,93,99,4.54,BW,1614747435
293,sabang,5.8933,95.3214,83.16,68,66,3.87,ID,1614747435
294,la ronge,55.1001,-105.2842,15.8,79,84,2.3,CA,1614747435
295,itarema,-2.9248,-39.9167,76.57,88,29,9.13,BR,1614747435
296,labuhan,-6.8844,112.2051,85.66,67,32,9.89,ID,1614747276
297,shingu,33.7333,135.9833,53.6,37,0,17.27,JP,1614747436
298,concordia,-31.393,-58.0209,77.0,76,99,3.0,AR,1614747436
299,floresti,47.8933,28.3014,33.26,94,18,5.84,MD,1614747436
300,linxia,35.6003,103.2064,45.72,49,0,3.24,CN,1614747436
301,grootfontein,-19.5667,18.1167,55.4,94,0,4.9,NA,1614747436
302,bathsheba,13.2167,-59.5167,77.0,65,40,18.41,BB,1614747437
303,erenhot,43.6475,111.9767,36.7,52,0,11.39,CN,1614747363
304,saint anthony,45.0205,-93.218,39.2,75,1,4.61,US,1614747430
305,san carlos de bariloche,-41.1456,-71.3082,62.6,42,0,5.75,AR,1614747425
306,warman,52.3168,-106.5679,21.2,86,20,5.75,CA,1614747437
307,sechura,-5.5569,-80.8222,78.22,67,98,8.86,PE,1614747211
308,lambarene,-0.7001,10.2406,75.43,96,100,3.42,GA,1614747437
309,mabay,6.0577,124.4666,91.4,43,40,13.8,PH,1614747438
310,hamilton,39.1834,-84.5333,34.0,74,1,5.75,US,1614747438
311,puri,19.8,85.85,84.2,61,34,8.05,IN,1614747438
312,moindou,-21.6924,165.677,86.0,62,75,11.5,NC,1614747438
313,merrill,45.1805,-89.6835,35.6,86,1,5.68,US,1614747438
314,carbondale,37.7273,-89.2168,39.0,70,1,6.91,US,1614747210
315,preobrazheniye,42.9019,133.9064,27.32,83,52,9.8,RU,1614747439
316,raudeberg,61.9875,5.1352,41.0,95,98,12.15,NO,1614747439
317,petropavlovsk-kamchatskiy,53.0452,158.6483,21.2,93,90,6.71,RU,1614747190
318,zaranj,30.9667,61.8833,59.0,33,20,18.41,AF,1614747439
319,bahile,9.9995,118.7878,87.8,70,20,13.8,PH,1614747439
320,polyanka,50.2584,27.6881,29.5,98,9,7.02,UA,1614747439
321,petauke,-14.2426,31.3253,63.97,95,35,3.09,ZM,1614747440
322,odweyne,9.4092,45.064,70.79,50,0,6.08,SO,1614747440
323,bengkulu,-3.8004,102.2655,84.22,63,100,7.81,ID,1614747440
324,touros,-5.1989,-35.4608,75.2,94,40,4.61,BR,1614747322
325,boende,-0.2167,20.8667,71.04,68,80,2.48,CD,1614747440
326,afonso bezerra,-5.4983,-36.5056,76.44,80,70,9.62,BR,1614747440
327,channagiri,14.0333,75.9333,85.93,23,0,6.87,IN,1614747440
328,portland,45.5234,-122.6762,45.0,80,39,1.63,US,1614747247
329,yining,29.0361,114.5636,52.75,71,100,1.61,CN,1614747441
330,bilibino,68.0546,166.4372,-13.07,81,68,3.29,RU,1614747441
331,vila franca do campo,37.7167,-25.4333,57.2,67,20,28.77,PT,1614747210
332,araouane,18.9048,-3.5265,68.34,23,3,10.96,ML,1614747441
333,charagua,-19.8,-63.2167,73.2,56,54,2.48,BO,1614747441
334,arman,59.7,150.1667,3.4,89,100,2.26,RU,1614747441
335,nalut,30.3333,10.85,49.15,69,0,21.54,LY,1614747441
336,viedma,-40.8135,-62.9967,68.11,87,96,12.39,AR,1614747441
337,lorengau,-2.0226,147.2712,81.07,79,100,12.5,PG,1614747441
338,chilmari,25.5559,89.6715,82.33,15,0,5.26,BD,1614747441
339,pokosnoye,55.5258,101.0536,-3.78,85,94,3.94,RU,1614747442
340,verkhnevilyuysk,63.4453,120.3167,-22.31,88,82,3.56,RU,1614747442
341,wahiawa,21.5028,-158.0236,75.2,83,75,8.05,US,1614747442
342,deputatskiy,69.3,139.9,-29.6,87,100,2.17,RU,1614747442
343,fort nelson,58.8053,-122.7002,15.8,92,75,2.3,CA,1614747442
344,sahuaripa,29.05,-109.2333,60.28,28,65,4.81,MX,1614747442
345,potosi,-19.5836,-65.7531,42.84,89,43,3.89,BO,1614747269
346,abu samrah,35.3029,37.1841,45.5,86,3,3.56,SY,1614747442
347,awbari,26.5921,12.7805,49.87,48,0,10.27,LY,1614747442
348,sao joao da barra,-21.6403,-41.0511,75.09,90,96,9.84,BR,1614747443
349,belyy yar,53.6039,91.3903,19.4,73,40,4.47,RU,1614747443
350,cairns,-16.9167,145.7667,84.99,65,75,14.97,AU,1614747315
351,porbandar,21.6422,69.6093,80.6,32,0,9.22,IN,1614747227
352,zhangjiakou,40.81,114.8794,46.22,34,0,2.08,CN,1614747443
353,kenai,60.5544,-151.2583,15.8,85,1,5.75,US,1614747443
354,zakamensk,50.3741,103.2863,27.88,82,94,10.8,RU,1614747443
355,olafsvik,64.8945,-23.7142,35.92,88,100,19.01,IS,1614747433
356,sulangan,11.1373,123.7228,81.72,68,15,9.42,PH,1614747444
357,saint-augustin,51.226,-58.6502,9.39,93,69,9.33,CA,1614747197
358,toora-khem,52.4675,96.11,23.0,87,100,1.66,RU,1614747301
359,casper,42.8666,-106.3131,37.4,48,1,17.27,US,1614747444
360,shaunavon,49.6501,-108.4181,28.4,74,71,12.66,CA,1614747444
361,baykit,61.67,96.37,-19.44,78,16,2.73,RU,1614747445
362,podgorica,42.4411,19.2636,33.8,69,0,2.3,ME,1614747445
363,lisakovsk,52.5369,62.4936,21.96,97,100,19.84,KZ,1614747445
364,irbeyskoye,55.6428,95.4522,-4.74,89,70,5.19,RU,1614747445
365,taoudenni,22.6783,-3.9836,64.8,26,54,8.93,ML,1614747445
366,sobolevo,54.4299,31.8996,29.84,97,48,11.5,RU,1614747446
367,salinopolis,-0.6136,-47.3561,77.58,86,94,8.03,BR,1614747446
368,kushiro,42.975,144.3747,24.8,50,40,11.5,JP,1614747446
369,shahrud,36.4182,54.9763,43.12,60,0,2.66,IR,1614747446
370,chapais,49.7834,-74.8492,-20.2,76,1,2.3,CA,1614747446
371,great bend,38.3645,-98.7648,46.0,38,1,11.5,US,1614747446
372,pingxiang,27.6167,113.85,50.65,84,100,0.94,CN,1614747447
373,hobyo,5.3505,48.5268,79.77,73,24,17.96,SO,1614747447
374,muravlenko,63.7898,74.523,2.55,93,100,20.49,RU,1614747447
375,acapulco,16.8634,-99.8901,74.73,77,70,3.76,MX,1614747355
376,westport,41.1415,-73.3579,28.99,37,1,8.05,US,1614747447
377,dharchula,29.85,80.5333,74.55,12,0,4.88,IN,1614747448
378,oranjemund,-28.55,16.4333,62.96,82,0,7.47,NA,1614747312
379,kuching,1.55,110.3333,87.8,74,40,6.91,MY,1614747448
380,imbituba,-28.24,-48.6703,75.2,88,75,10.36,BR,1614747448
381,ilhabela,-23.7781,-45.3581,75.61,82,100,2.42,BR,1614747448
382,palmer,42.1584,-72.3287,21.99,42,20,4.61,US,1614747448
383,santander jimenez,24.2167,-98.4667,56.23,64,1,2.71,MX,1614747448
384,golden,39.7555,-105.2211,44.6,29,1,5.75,US,1614747286
385,bhag,29.0415,67.8239,83.62,7,0,5.32,PK,1614747449
386,fairview,40.8126,-73.999,33.8,37,1,8.05,US,1614747449
387,manta,-0.95,-80.7333,75.2,94,75,2.95,EC,1614747415
388,orocue,4.7912,-71.3354,78.8,41,66,5.84,CO,1614747449
389,paamiut,61.994,-49.6678,32.5,84,48,7.09,GL,1614747258
390,rawson,-43.3002,-65.1023,59.18,80,46,12.62,AR,1614747278
391,kavieng,-2.5744,150.7967,82.18,74,100,5.57,PG,1614747450
392,novopokrovka,49.8425,36.5477,33.8,80,75,8.95,UA,1614747450
393,berdigestyakh,62.0989,126.6992,-16.37,88,92,3.96,RU,1614747450
394,terney,45.0503,136.6092,22.98,84,0,9.04,RU,1614747353
395,etzatlan,20.7667,-104.0833,57.15,69,0,2.93,MX,1614747450
396,fria,10.4167,-13.5833,66.72,89,0,1.5,GN,1614747450
397,fare,-16.7,-151.0167,83.3,72,65,4.61,PF,1614747450
398,luanda,-8.8368,13.2343,78.8,83,40,8.05,AO,1614747451
399,dingle,10.9995,122.6711,86.09,60,14,13.33,PH,1614747304
400,guerrero negro,27.9769,-114.0611,61.03,44,0,4.09,MX,1614747451
401,katsina,12.9894,7.6006,68.76,22,2,11.83,NG,1614747451
402,lompoc,34.6391,-120.4579,48.0,87,1,4.61,US,1614747164
403,mercedes,-34.6515,-59.4307,73.0,94,38,6.29,AR,1614747452
404,kapoeta,4.7717,33.5903,86.54,27,12,22.1,SS,1614747452
405,coahuayana,18.7333,-103.6833,69.28,94,1,3.11,MX,1614747203
406,banda aceh,5.5577,95.3222,87.37,59,1,8.68,ID,1614747385
407,wanxian,30.8039,108.3897,62.76,45,71,2.46,CN,1614747452
408,saint-georges,12.0564,-61.7485,77.0,78,40,8.05,GD,1614747452
409,khromtau,50.2503,58.4347,24.24,98,100,24.05,KZ,1614747452
410,saint-leu,-21.15,55.2833,84.0,55,41,1.52,RE,1614747452
411,sao borja,-28.6606,-56.0044,74.59,78,98,5.59,BR,1614747453
412,koulikoro,14.0,-7.75,73.0,20,0,10.85,ML,1614747453
413,guane,22.2025,-84.0875,70.52,87,0,3.47,CU,1614747453
414,noshiro,40.2039,140.0242,35.6,51,75,13.8,JP,1614747454
415,muli,2.9167,73.5667,82.35,69,75,15.37,MV,1614747454
416,padang,-0.9492,100.3543,84.2,74,40,5.75,ID,1614747169
417,ancud,-41.8697,-73.8203,53.01,87,0,1.7,CL,1614747178
418,lata,40.1629,-8.3327,52.0,89,0,3.44,PT,1614747454
419,iquitos,-3.7481,-73.2472,73.4,100,75,3.44,PE,1614747271
420,kaohsiung,22.6163,120.3133,77.0,60,40,11.5,TW,1614747373
421,santa maria,-29.6842,-53.8069,70.2,91,88,3.44,BR,1614747455
422,inuvik,68.3499,-133.7218,-20.2,76,100,4.61,CA,1614747341
423,atasu,48.6814,71.6433,5.32,94,100,14.07,KZ,1614747455
424,langfang,39.5097,116.6947,44.01,65,90,2.24,CN,1614747455
425,machaneng,-23.1862,27.4886,65.35,73,0,4.68,BW,1614747455
426,usinsk,65.9939,57.5281,9.93,96,100,8.46,RU,1614747216
427,carlsbad,33.1581,-117.3506,57.2,51,1,1.05,US,1614747456
428,chiautla,19.5333,-98.8833,69.8,37,20,8.05,MX,1614747456
429,conakry,9.538,-13.6773,78.46,70,0,5.99,GN,1614747456
430,kamenka,51.3223,42.7678,28.0,95,97,13.13,RU,1614747456
431,new glasgow,45.5834,-62.6486,17.01,92,100,36.82,CA,1614747187
432,mezen,65.8522,44.24,13.55,92,94,10.69,RU,1614747456
433,walvis bay,-22.9575,14.5053,66.0,90,10,1.99,NA,1614747380
434,balykshi,47.0667,51.8667,33.8,93,75,17.9,KZ,1614747457
435,coquimbo,-29.9533,-71.3436,60.08,87,0,1.36,CL,1614747247
436,kirakira,-10.4544,161.9205,81.14,82,100,8.39,SB,1614747457
437,lahat,-3.8,103.5333,86.77,59,96,4.56,ID,1614747457
438,sisimiut,66.9395,-53.6735,24.24,78,100,12.24,GL,1614747206
439,barahona,18.2085,-71.1008,72.63,80,19,5.37,DO,1614747457
440,lillooet,50.6856,-121.942,42.8,42,90,14.97,CA,1614747458
441,ust-abakan,53.8525,91.3742,19.4,73,40,4.47,RU,1614747458
442,kerrville,30.0474,-99.1403,46.0,81,1,5.46,US,1614747310
443,condoto,5.0935,-76.6497,71.44,92,79,1.66,CO,1614747458
444,broken hill,-31.95,141.4333,77.0,19,0,18.41,AU,1614747236
445,esil,51.9556,66.4042,8.04,94,100,19.86,KZ,1614747458
446,matara,5.9485,80.5353,84.4,51,19,10.22,LK,1614747215
447,seguela,7.9611,-6.6731,74.43,87,36,5.19,CI,1614747459
448,soe,-9.8607,124.284,78.39,80,93,5.48,ID,1614747459
449,camacha,33.0833,-16.3333,57.2,72,20,3.44,PT,1614747459
450,wewak,-3.5534,143.6268,84.81,73,95,19.48,PG,1614747460
451,yabrud,33.9674,36.6574,37.0,93,0,3.44,SY,1614747460
452,eureka,40.8021,-124.1637,48.99,91,30,3.42,US,1614747162
453,alofi,-19.0595,-169.9187,78.8,94,91,2.3,NU,1614747181
454,sinnamary,5.3833,-52.95,75.33,93,100,11.43,GF,1614747460
455,taltal,-25.4,-70.4833,64.99,79,7,1.9,CL,1614747206
456,susanville,40.4163,-120.653,37.4,52,1,6.91,US,1614747446
457,pecos,31.4229,-103.4932,46.4,29,1,9.22,US,1614747460
458,hokitika,-42.7167,170.9667,62.6,82,16,7.7,NZ,1614747460
459,waipawa,-41.4122,175.5153,71.6,64,20,20.71,NZ,1614747461
460,smithers,54.7804,-127.1743,32.0,93,90,5.75,CA,1614747355
461,fairbanks,64.8378,-147.7164,6.8,78,90,3.44,US,1614747302
462,samarai,-10.6167,150.6667,84.13,74,64,10.11,PG,1614747174
463,yazman,29.1212,71.7446,83.8,7,0,6.53,PK,1614747461
464,praia da vitoria,38.7333,-27.0667,55.0,76,40,22.93,PT,1614747223
465,karpathos,35.507,27.2132,48.2,71,4,10.36,GR,1614747461
466,zelenoborsk,61.4669,64.0333,13.32,96,100,7.87,RU,1614747461
467,zaysan,47.4667,84.8667,29.1,98,100,1.19,KZ,1614747461
468,pouembout,-21.1333,164.9,80.94,72,94,3.06,NC,1614747462
469,charlestown,-32.95,151.6667,72.0,75,91,1.01,AU,1614747462
470,winton,37.3894,-120.6133,55.4,62,1,5.03,US,1614747462
471,yalova,40.655,29.2769,35.6,93,20,3.44,TR,1614747462
472,noumea,-22.2763,166.4572,89.01,62,75,11.5,NC,1614747462
473,mwaya,-9.55,33.95,73.9,80,100,2.21,TZ,1614747463
474,norman wells,65.282,-126.8329,-16.6,76,90,6.91,CA,1614747188
475,maningrida,-12.0667,134.2667,92.26,55,64,9.91,AU,1614747463
476,svarstad,59.399,9.9698,36.0,100,90,1.95,NO,1614747463
477,bronnoysund,65.4625,12.1997,41.0,70,90,12.66,NO,1614747463
478,kaffrine,14.1059,-15.5508,77.36,18,57,9.98,SN,1614747463
479,haines junction,60.7522,-137.5108,23.0,63,100,4.61,CA,1614747356
480,riberalta,-10.9833,-66.1,71.24,98,82,2.84,BO,1614747464
481,great falls,47.5002,-111.3008,42.01,52,1,14.97,US,1614747464
482,namatanai,-3.6667,152.4333,80.73,82,93,10.22,PG,1614747464
483,togur,58.3631,82.8265,2.8,94,94,8.1,RU,1614747464
484,chililabombwe,-12.3648,27.8229,62.49,98,100,1.99,ZM,1614747464
485,katiola,8.1333,-5.1,77.0,88,81,9.22,CI,1614747464
486,ust-omchug,61.15,149.6333,-10.91,84,99,5.53,RU,1614747465
487,quatre cocos,-20.2078,57.7625,84.0,74,40,9.22,MU,1614747308
488,debre tabor,11.85,38.0167,56.75,70,45,2.53,ET,1614747465
489,adrar,20.5022,-10.0711,60.49,31,5,10.47,MR,1614747465
490,jalu,29.0331,21.5482,51.84,70,0,9.48,LY,1614747274
491,chumikan,54.7183,135.315,-0.51,83,30,11.12,RU,1614747465
492,wadi maliz,36.4681,8.5495,44.6,93,39,6.91,TN,1614747466
493,chissamba,-12.1667,17.3333,58.98,94,100,2.77,AO,1614747466
494,turukhansk,65.8167,87.9833,-18.45,75,24,13.85,RU,1614747302
495,ilebo,-4.3167,20.5833,70.75,94,100,1.14,CD,1614747466
496,caldas novas,-17.7417,-48.625,66.72,94,100,4.14,BR,1614747466
497,donegal,54.65,-8.1167,37.26,90,81,2.13,IE,1614747467
498,masuguru,-11.3667,38.4167,75.16,94,99,1.12,TZ,1614747467
499,cabedelo,-6.9811,-34.8339,75.2,100,0,3.44,BR,1614747467
500,scarborough,54.2797,-0.4044,35.01,93,1,3.96,GB,1614747467
501,kurilsk,45.2333,147.8833,13.96,89,85,24.18,RU,1614747467
502,saint-gabriel,46.3001,-73.3824,15.01,85,100,1.99,CA,1614747272
503,zhigansk,66.7697,123.3711,-25.96,83,68,12.21,RU,1614747467
504,dothan,31.2232,-85.3905,48.2,93,90,13.8,US,1614747320
505,lethem,3.3803,-59.7968,77.18,70,99,11.3,GY,1614747468
506,iskateley,67.6803,53.1512,9.88,96,43,6.2,RU,1614747278
507,makat,47.6469,53.3463,32.81,95,100,19.64,KZ,1614747468
508,karachi,24.9056,67.0822,77.0,53,0,11.45,PK,1614747425
509,ziro,27.6333,93.8333,66.2,82,90,3.44,IN,1614747468
510,saquarema,-22.92,-42.5103,73.53,86,98,11.99,BR,1614747469
511,itoman,26.1247,127.6694,69.8,49,40,14.97,JP,1614747469
512,healesville,-37.65,145.5167,64.99,54,84,1.99,AU,1614747469
513,apac,1.9756,32.5386,72.97,45,5,3.87,UG,1614747469
514,jacareacanga,-6.2222,-57.7528,72.37,98,99,0.78,BR,1614747391
515,anadyr,64.75,177.4833,-18.4,69,0,8.95,RU,1614747469
516,buin,-33.7333,-70.75,64.4,72,1,3.44,CL,1614747248
517,colares,38.7992,-9.4469,53.01,74,34,5.79,PT,1614747469
518,waingapu,-9.6567,120.2641,87.17,61,65,6.24,ID,1614747437
519,hami,42.8,93.45,45.57,50,5,1.72,CN,1614747470
520,douentza,14.9951,-2.9517,69.58,24,0,4.47,ML,1614747470
521,mamou,10.5,-12.0,65.64,63,0,2.95,GN,1614747310
522,riverton,40.5219,-111.9391,39.0,75,1,2.91,US,1614747240
523,lebu,-37.6167,-73.65,57.92,83,39,13.29,CL,1614747470
524,lewiston,44.1003,-70.2148,15.8,38,1,9.22,US,1614747289
525,college,64.8569,-147.8028,6.8,72,90,5.75,US,1614747470
526,bafq,31.6128,55.4107,58.91,35,0,3.65,IR,1614747470
527,xiaoweizhai,26.1903,107.5125,46.31,89,100,2.59,CN,1614747470
528,le port,-20.9373,55.2919,84.2,54,0,3.44,RE,1614747471
529,carballo,43.213,-8.691,45.0,96,68,3.96,ES,1614747471
530,bontang,0.1333,117.5,82.58,77,83,4.25,ID,1614747471
531,dhidhdhoo,6.8833,73.1,83.08,68,16,10.89,MV,1614747221
532,ust-nera,64.5667,143.2,-10.89,79,100,3.71,RU,1614747471
533,suntar,62.1444,117.6319,-19.41,85,73,5.12,RU,1614747472
534,mocuba,-16.8392,36.9856,74.03,92,100,5.86,MZ,1614747472
535,isangel,-19.55,169.2667,80.87,84,93,7.36,VU,1614747472
536,xining,36.6167,101.7667,41.05,49,0,2.19,CN,1614747472
537,faya,18.3851,42.4509,55.4,58,0,3.65,SA,1614747473
538,rincon,32.296,-81.2354,46.4,87,90,10.36,US,1614747473
539,vilyuysk,63.7553,121.6247,-23.93,83,88,4.23,RU,1614747473
540,nata,8.3333,-80.5167,73.99,46,47,9.71,PA,1614747473
541,misratah,32.3754,15.0925,58.33,81,44,13.04,LY,1614747473
542,krasnogorskoye,52.2953,86.1979,22.06,90,100,4.12,RU,1614747473
543,necochea,-38.5473,-58.7368,68.0,94,0,3.0,AR,1614747191
544,tsumeb,-19.2333,17.7167,55.4,94,0,8.12,NA,1614747474
545,lodja,-3.4833,23.4333,72.93,86,100,2.26,CD,1614747309
546,zunyi,27.6867,106.9072,50.5,65,95,2.73,CN,1614747474
547,yeppoon,-23.1333,150.7333,91.4,46,100,11.5,AU,1614747370
548,anito,12.4497,125.2886,83.64,66,35,8.68,PH,1614747474
549,vallenar,-28.5708,-70.7581,60.85,72,0,1.54,CL,1614747474
550,kilindoni,-7.9139,39.6668,81.39,76,42,10.47,TZ,1614747475
551,juneau,58.3019,-134.4197,35.6,80,90,19.57,US,1614747475
552,khash,28.2211,61.2158,64.06,30,0,4.25,IR,1614747475
